time,mem_available_mib,swap_used_mib,gtt_used_mib,lms_rss_anon_mib,lms_rss_file_mib,lms_swap_mib,lms_procs
1790575278.4,25103,5177,1395,53,36,274,6
1790575280.4,25088,5173,1395,168,96,272,7
1790575282.4,25004,5172,1395,188,8109,272,7
1790575284.5,24780,5172,1395,188,11314,271,7
1790575286.5,24777,5172,1395,188,12136,271,7
1790575288.5,24759,5172,1395,188,13430,271,7
1790575290.5,24596,5171,1395,188,14378,271,7
1790575292.6,24595,5171,1395,189,15453,271,7
1790575294.6,16426,5173,7712,189,16073,271,7
1790575296.7,15884,5173,8228,478,10351,271,7
1790575298.7,14497,5173,9392,571,10337,270,7
1790575300.7,14508,5180,9392,571,10306,270,7
1790575302.8,14293,5180,9543,495,10277,270,7
1790575304.8,14256,5180,9543,494,10277,270,7
1790575306.8,14431,5180,9543,494,10277,270,7
1790575308.9,14459,5180,9543,494,10277,270,7
1790575310.9,14460,5180,9543,495,10277,270,7
1790575313.0,14445,5180,9543,494,10277,270,7
1790575315.0,14455,5180,9543,495,10277,270,7
1790575317.0,14453,5179,9543,494,10277,270,7
1790575319.1,14446,5179,9543,495,10277,270,7
1790575321.1,14476,5179,9543,494,10277,270,7
1790575323.2,14470,5179,9543,495,10277,270,7
1790575325.2,14452,5179,9543,495,10277,270,7
1790575327.2,14450,5155,9543,518,10278,247,7
1790575329.3,14456,5155,9543,518,10277,247,7
1790575331.3,14449,5155,9543,518,10277,247,7
1790575333.3,14467,5155,9543,518,10277,247,7
1790575335.4,14462,5155,9543,518,10277,247,7
1790575337.4,14473,5155,9543,518,10277,247,7
1790575339.4,14468,5155,9543,518,10277,247,7
1790575341.5,14422,5155,9543,518,10266,247,7
1790575343.5,14420,5155,9543,518,10266,247,7
1790575345.5,14418,5155,9543,518,10266,247,7
1790575347.6,14417,5155,9543,518,10266,247,7
1790575349.6,14414,5155,9543,518,10266,247,7
1790575351.7,14429,5155,9543,518,10266,247,7
1790575353.7,14458,5155,9543,518,10256,247,7
1790575355.7,14444,5154,9543,518,10264,246,7
1790575357.8,14436,5154,9543,518,10265,246,7
1790575359.8,14440,5154,9543,518,10265,246,7
1790575361.8,14440,5154,9543,518,10265,246,7
1790575363.9,14437,5154,9543,518,10265,246,7
1790575365.9,14430,5154,9543,518,10265,246,7
1790575367.9,14428,5154,9543,518,10265,246,7
1790575370.0,14429,5154,9543,518,10265,246,7
1790575372.0,14426,5154,9543,518,10265,246,7
1790575374.1,14425,5154,9543,518,10265,246,7
1790575376.1,14424,5153,9570,518,10263,246,7
1790575378.1,14425,5153,9570,518,10263,246,7
1790575380.2,14407,5153,9570,518,10263,246,7
1790575382.2,14403,5153,9570,518,10263,246,7
1790575384.2,14401,5153,9570,518,10263,246,7
1790575386.3,14392,5153,9570,519,10263,246,7
1790575388.3,14390,5153,9570,519,10263,246,7
1790575390.3,14397,5153,9570,519,10263,246,7
1790575392.4,14403,5153,9570,519,10263,246,7
1790575394.4,14397,5153,9570,519,10263,246,7
1790575396.4,14404,5153,9570,519,10263,246,7
1790575398.5,14387,5153,9570,519,10263,246,7
1790575400.5,14391,5153,9570,519,10263,246,7
1790575402.6,14395,5153,9570,519,10263,246,7
1790575404.6,14397,5153,9570,519,10263,246,7
1790575406.6,14400,5153,9570,519,10263,246,7
1790575408.7,14404,5153,9570,519,10263,246,7
1790575410.7,14451,5153,9570,519,10263,246,7
1790575412.7,14459,5153,9570,519,10263,246,7
1790575414.8,14444,5153,9570,519,10263,246,7
1790575416.8,14437,5153,9570,519,10263,246,7
1790575418.9,14458,5153,9570,519,10263,246,7
1790575420.9,14461,5153,9570,519,10263,246,7
1790575422.9,14455,5153,9570,519,10263,246,7
1790575425.0,14432,5152,9570,519,10263,246,7
1790575427.0,14307,5152,9570,519,10263,246,7
1790575429.1,14194,5152,9570,519,10263,246,7
1790575431.1,14174,5152,9570,519,10263,246,7
1790575433.2,14145,5152,9570,519,10263,246,7
1790575435.2,14181,5152,9570,519,10263,246,7
1790575437.3,14188,5152,9570,519,10263,246,7
1790575439.3,14232,5152,9570,519,10263,246,7
1790575441.4,14215,5152,9570,519,10263,246,7
1790575443.4,14118,5152,9570,519,10263,246,7
1790575445.5,14171,5152,9570,519,10263,246,7
1790575447.5,14159,5152,9570,519,10263,246,7
1790575449.6,14151,5152,9570,519,10263,246,7
1790575451.6,14174,5152,9570,519,10263,246,7
1790575453.7,14210,5152,9570,519,10263,246,7
1790575455.8,14209,5151,9570,519,10263,246,7
1790575457.8,14145,5144,9570,519,10263,246,7
1790575459.9,14150,5144,9570,519,10263,246,7
1790575461.9,14145,5144,9570,519,10263,246,7
1790575464.0,14193,5144,9570,519,10263,246,7
1790575466.0,14164,5144,9570,519,10263,246,7
1790575468.1,14099,5144,9570,519,10263,246,7
1790575470.1,14145,5144,9570,519,10263,246,7
1790575472.2,14129,5144,9570,519,10263,246,7
1790575474.2,14150,5144,9570,519,10263,246,7
1790575476.3,14129,5144,9570,519,10263,246,7
1790575478.3,14132,5143,9570,519,10263,246,7
1790575480.4,14080,5143,9576,519,10263,246,7
1790575482.4,14156,5143,9576,519,10263,246,7
1790575484.5,14148,5143,9576,519,10263,246,7
1790575486.5,14243,5142,9576,519,10263,246,7
1790575488.6,14132,5142,9576,519,10263,246,7
1790575490.6,14130,5142,9576,519,10263,246,7
1790575492.7,14182,5142,9576,519,10263,245,7
1790575494.7,14108,5142,9576,519,10263,245,7
1790575496.8,14179,5138,9576,519,10263,245,7
1790575498.8,14118,5138,9576,519,10263,245,7
1790575500.9,14144,5138,9576,519,10263,245,7
1790575502.9,14101,5138,9576,519,10263,245,7
1790575505.0,14112,5138,9576,519,10263,245,7
1790575507.0,14072,5137,9576,519,10263,245,7
1790575509.1,14115,5137,9576,519,10263,245,7
1790575511.1,14110,5137,9576,519,10263,245,7
1790575513.2,14192,5137,9576,519,10263,245,7
1790575515.2,14156,5137,9576,519,10263,245,7
1790575517.2,14015,5137,9576,519,10262,245,7
1790575519.2,13456,5137,9576,519,10259,245,7
1790575521.2,13464,5137,9576,519,10259,245,7
1790575523.3,13332,5137,9576,519,10257,245,7
1790575525.3,13337,5137,9576,519,10257,245,7
1790575527.3,13355,5137,9576,519,10257,245,7
1790575529.4,12942,5137,9576,519,10254,245,7
1790575531.4,12937,5137,9576,519,10254,245,7
1790575533.5,12925,5137,9576,519,10254,245,7
1790575535.5,12776,5137,9576,519,10254,245,7
1790575537.5,12838,5137,9576,519,10254,245,7
1790575539.6,12910,5137,9576,519,10254,245,7
1790575541.6,12757,5136,9664,532,10281,245,7
1790575543.6,12080,5136,9735,586,10296,245,7
1790575545.7,12593,5136,9664,594,10297,245,7
1790575547.7,12397,5136,9676,594,10272,245,7
1790575549.7,12176,5136,9676,594,10164,245,7
1790575551.8,11830,5136,9748,732,10244,244,7
1790575553.8,11809,5136,9748,732,10255,244,7
1790575555.9,12351,5136,9677,732,10257,244,7
1790575557.9,12344,5136,9677,732,10261,244,7
1790575560.0,11961,5135,9677,732,10262,244,7
1790575562.0,11733,5135,9748,732,10264,244,7
1790575564.1,12183,5135,9677,732,10266,244,7
1790575566.1,12058,5117,9677,732,10268,244,7
1790575568.2,12073,5117,9677,732,10269,244,7
1790575570.3,11652,5117,9721,732,10271,244,7
1790575572.3,11612,5117,9748,733,10274,244,7
1790575574.4,11619,5117,9748,733,10274,244,7
1790575576.4,11359,5117,9748,1033,10278,243,7
1790575578.5,11923,5117,9677,1033,10278,243,7
1790575580.6,11920,5117,9677,1032,10286,243,7
1790575582.6,11294,5117,9748,1142,10286,243,7
1790575584.7,11231,5116,9748,1142,10286,243,7
1790575586.7,11570,5116,9677,1142,10286,243,7
1790575588.8,11530,5116,9677,1142,10286,243,7
1790575590.8,11127,5116,9748,1142,10286,243,7
1790575592.9,11121,5116,9748,1142,10286,243,7
1790575594.9,11652,5116,9677,1143,10255,243,7
1790575597.0,11644,5116,9677,1143,10261,243,7
1790575599.1,11182,5116,9748,1143,10262,243,7
1790575601.1,11168,5116,9748,1142,10266,243,7
1790575603.2,11548,5116,9677,1142,10266,243,7
1790575605.2,11542,5115,9677,1142,10266,243,7
1790575607.3,11023,5115,9748,1143,10266,243,7
1790575609.3,11350,5115,9677,1445,10268,242,7
1790575611.4,11303,5115,9677,1444,10268,242,7
1790575613.4,10981,5115,9677,1447,10277,242,7
1790575615.5,10656,5115,9748,1560,10277,242,7
1790575617.5,11197,5115,9677,1560,10277,242,7
1790575619.6,11215,5115,9677,1561,10277,242,7
1790575621.7,10668,5114,9695,1561,10277,242,7
1790575623.7,10641,5114,9748,1561,10278,242,7
1790575625.7,11186,5114,9677,1561,10278,242,7
1790575627.8,11193,5114,9677,1561,10278,242,7
1790575629.8,11195,5114,9677,1561,10278,242,7
1790575631.8,11197,5114,9677,1561,10278,242,7
1790575633.9,11200,5114,9677,1561,10278,242,7
1790575635.9,11213,5114,9677,1561,10278,242,7
1790575637.9,22626,5113,1428,138,105,241,7
1790575640.0,22552,5113,1428,219,10444,241,7
1790575642.0,22550,5113,1428,219,11012,241,7
1790575644.0,22570,5113,1428,219,11748,241,7
1790575646.0,22592,5113,1428,219,11135,241,7
1790575648.1,22593,5113,1428,219,12380,241,7
1790575650.1,22592,5113,1428,219,12896,240,7
1790575652.1,22593,5113,1428,219,13516,240,7
1790575654.1,22642,5112,1428,219,14149,240,7
1790575656.2,22648,5112,1428,219,14905,240,7
1790575658.2,16836,5528,7745,220,14897,240,8
1790575660.2,14962,6001,7745,220,16042,241,7
1790575662.2,13031,6385,9426,601,10276,241,7
1790575664.3,13168,6380,9426,601,10276,240,7
1790575666.3,13128,6367,9426,601,10277,240,7
1790575668.3,13107,6736,9576,516,10289,262,7
1790575670.4,13098,6951,9664,516,10280,262,7
1790575672.4,13092,6951,9659,515,10307,262,7
1790575674.4,12989,6944,9659,570,10314,262,7
1790575676.4,12805,6944,9673,578,10320,262,7
1790575678.5,12861,6938,9673,716,10324,261,7
1790575680.5,12849,6933,9673,717,10324,261,7
1790575682.5,12857,6929,9673,717,10324,261,7
1790575684.6,12856,6928,9673,717,10325,261,7
1790575686.6,12858,6927,9673,717,10325,261,7
1790575688.6,12857,6927,9673,717,10325,261,7
1790575690.7,12858,6926,9673,717,10325,261,7
1790575692.7,12860,6926,9673,717,10325,261,7
1790575694.8,12861,6925,9673,717,10325,261,7
1790575696.8,12860,6921,9673,717,10325,261,7
1790575698.8,12465,6908,9673,1019,10326,260,7
1790575700.9,12468,6908,9673,1019,10326,260,7
1790575702.9,12474,6907,9673,1019,10327,260,7
1790575704.9,12466,6906,9673,1128,10327,260,7
1790575707.0,12461,6904,9673,1128,10327,260,7
1790575709.0,12453,6893,9673,1129,10327,259,7
1790575711.1,12451,6889,9673,1129,10328,259,7
1790575713.1,12449,6888,9673,1129,10328,259,7
1790575715.1,12449,6887,9673,1129,10328,259,7
1790575717.2,12449,6886,9673,1129,10328,259,7
1790575719.2,12444,6884,9673,1129,10331,259,7
1790575721.3,12445,6883,9673,1129,10331,259,7
1790575723.3,12014,6877,9673,1535,10332,259,7
1790575725.3,12061,6876,9673,1429,10332,259,7
1790575727.3,12139,6874,9673,1432,10332,259,7
1790575729.4,11923,6872,9673,1546,10330,259,7
1790575731.4,11970,6868,9673,1546,10330,259,7
1790575733.4,11971,6868,9673,1545,10331,259,7
1790575735.5,11966,6865,9673,1545,10331,259,7
1790575737.5,11969,6865,9673,1545,10331,259,7
1790575739.6,11968,6863,9673,1545,10332,259,7
1790575741.6,11968,6862,9673,1545,10332,259,7
1790575743.6,11971,6860,9673,1545,10332,259,7
1790575745.6,11980,6860,9673,1545,10332,259,7
1790575747.7,11981,6858,9673,1545,10332,259,7
1790575749.7,11973,6854,9673,1547,10340,258,7
1790575751.7,11596,6828,9673,1853,10340,258,7
1790575753.8,11602,6828,9673,1853,10321,258,7
1790575755.8,11525,6828,9673,1957,10322,258,7
1790575757.8,11540,6828,9673,1958,10322,258,7
1790575759.9,11544,6826,9673,1959,10322,256,7
1790575761.9,11580,6826,9673,1959,10322,256,7
1790575764.0,11599,6826,9673,1959,10322,256,7
1790575766.0,11613,6826,9673,1960,10322,256,7
1790575768.0,11620,6826,9673,1960,10322,256,7
1790575770.1,11634,6825,9673,1960,10323,256,7
1790575772.1,11634,6825,9673,1960,10323,256,7
1790575774.1,11639,6825,9673,1960,10323,256,7
1790575776.2,11645,6825,9673,1960,10324,256,7
1790575778.2,11276,6802,9673,2266,10324,255,7
1790575780.2,11275,6802,9673,2266,10324,255,7
1790575782.3,11334,6803,9673,2370,10323,255,7
1790575784.3,11315,6803,9673,2378,10324,255,7
1790575786.3,11299,6802,9673,2378,10325,255,7
1790575788.4,11294,6801,9673,2378,10325,255,7
1790575790.4,11292,6801,9673,2379,10325,255,7
1790575792.5,11286,6801,9673,2379,10325,255,7
1790575794.5,11277,6801,9673,2379,10325,255,7
1790575796.5,11278,6801,9673,2379,10325,255,7
1790575798.6,11280,6801,9673,2379,10325,255,7
1790575800.6,11282,6800,9646,2379,10325,255,7
1790575802.6,11283,6800,9646,2379,10325,255,7
1790575804.7,11023,6786,9646,2683,10304,255,7
1790575806.7,11022,6785,9646,2683,10311,255,7
1790575808.7,11058,6785,9646,2706,10312,255,7
1790575810.8,10963,6785,9646,2788,10313,255,7
1790575812.8,10967,6785,9646,2788,10313,255,7
1790575814.9,10974,6785,9646,2788,10313,255,7
1790575816.9,10974,6785,9646,2788,10313,255,7
1790575818.9,10970,6785,9646,2788,10313,255,7
1790575821.0,10969,6784,9646,2788,10313,255,7
1790575823.0,10971,6784,9646,2788,10313,255,7
1790575825.0,10969,6784,9646,2788,10313,255,7
1790575827.1,10968,6784,9646,2788,10314,254,7
1790575829.1,19342,6781,2701,2499,8733,254,7
1790575831.1,23603,6771,1396,189,107,254,7
1790575833.1,23608,6771,1396,208,5647,254,7
1790575835.2,23613,6771,1396,209,6107,254,7
1790575837.2,23610,6771,1396,209,6498,254,7
1790575839.2,23607,6770,1396,209,7075,254,7
1790575841.2,23611,6770,1396,209,7480,254,7
1790575843.2,23609,6770,1396,210,7939,254,7
1790575845.3,23595,6770,1396,209,8300,254,7
1790575847.3,23587,6770,1396,210,10473,253,7
1790575849.3,23584,6769,1396,210,10632,253,7
1790575851.3,23591,6769,1396,210,10775,253,7
1790575853.4,23589,6769,1396,210,10812,253,7
1790575855.4,23590,6769,1396,210,10832,253,7
1790575857.4,23591,6769,1396,210,10847,253,7
1790575859.4,23586,6769,1396,210,10865,253,7
1790575861.4,23588,6768,1396,210,10880,253,7
1790575863.5,23587,6768,1396,210,10926,253,7
1790575865.5,23587,6768,1396,210,10940,253,7
1790575867.5,23587,6768,1396,210,10956,253,7
1790575869.5,23584,6768,1396,211,10970,253,7
1790575871.6,23582,6767,1396,211,10983,252,7
1790575873.6,23585,6767,1396,211,11012,252,7
1790575875.6,23591,6767,1396,211,11164,252,7
1790575877.6,23591,6767,1396,211,11219,252,7
1790575879.7,23506,6669,1396,307,11266,154,7
1790575881.7,23504,6669,1396,307,11298,154,7
1790575883.7,23497,6669,1396,307,11353,154,7
1790575885.7,23498,6669,1396,307,11433,154,7
1790575887.8,23497,6669,1396,307,11493,154,7
1790575889.8,23497,6669,1396,307,11539,154,7
1790575891.8,23496,6668,1396,308,11695,154,7
1790575893.8,23492,6668,1396,308,11880,154,7
1790575895.9,23491,6668,1396,307,12085,154,7
1790575897.9,23487,6668,1396,307,12272,154,7
1790575899.9,23491,6668,1396,307,12451,154,7
1790575901.9,23490,6668,1396,307,12704,154,7
1790575903.9,23489,6668,1396,307,12963,154,7
1790575906.0,23470,6668,1396,307,13268,154,7
1790575908.0,23462,6668,1396,307,13522,154,7
1790575910.0,23467,6668,1396,307,13834,154,7
1790575912.0,23465,6668,1396,307,14032,154,7
1790575914.0,23467,6668,1396,307,14366,154,7
1790575916.1,23465,6668,1396,307,14542,154,7
1790575918.1,23464,6668,1396,307,14792,154,7
1790575920.1,23463,6667,1396,307,15026,154,7
1790575922.1,23465,6667,1396,307,15263,154,7
1790575924.2,23459,6667,1396,307,15477,154,7
1790575926.2,23451,6667,1396,307,15710,154,7
1790575928.2,23311,6667,1396,308,15945,153,7
1790575930.2,22516,6667,3036,308,16128,153,7
1790575932.3,14830,6691,8229,596,10369,154,7
1790575934.3,13831,7244,9393,178,10287,665,7
1790575936.3,13829,7239,9393,179,10287,664,7
1790575938.3,13824,7239,9393,179,10287,664,7
1790575940.4,13463,6953,9544,407,10308,372,7
1790575942.4,13735,7666,9636,407,10309,372,7
1790575944.4,13740,7658,9633,406,10296,372,7
1790575946.4,13617,7650,9640,461,10330,372,7
1790575948.5,13614,7646,9652,470,10338,370,7
1790575950.5,13471,7635,9653,617,10343,361,7
1790575952.6,13457,7631,9653,618,10350,360,7
1790575954.6,13460,7631,9653,618,10350,360,7
1790575956.6,13454,7629,9653,618,10352,360,7
1790575958.6,13452,7627,9653,619,10353,360,7
1790575960.7,13458,7626,9653,619,10353,360,7
1790575962.7,13456,7626,9653,619,10355,360,7
1790575964.8,13450,7613,9653,619,10355,360,7
1790575966.8,13448,7612,9653,619,10355,359,7
1790575968.8,13445,7611,9653,619,10355,359,7
1790575970.9,13440,7608,9653,620,10355,359,7
1790575972.9,13369,7589,9653,621,10355,358,7
1790575974.9,13378,7477,9653,621,10355,358,7
1790575977.0,13113,7467,9812,621,10355,358,7
1790575979.0,13031,7331,9812,621,10355,358,7
1790575981.0,13030,7327,9812,621,10355,358,7
1790575983.0,12815,7203,9812,621,10352,358,7
1790575985.1,12823,7203,9812,621,10352,357,7
1790575987.1,12811,7201,9812,621,10352,357,7
1790575989.1,12806,7201,9812,622,10352,357,7
1790575991.2,12801,7199,9812,622,10352,357,7
1790575993.2,12824,7199,9812,622,10351,356,7
1790575995.2,12810,7198,9812,622,10351,356,7
1790575997.3,12807,7197,9812,622,10351,356,7
1790575999.3,12806,7196,9812,622,10351,356,7
1790576001.3,12805,7196,9812,622,10351,356,7
1790576003.4,12804,7195,9812,622,10351,356,7
1790576005.4,12800,7194,9812,622,10351,356,7
1790576007.4,12798,7193,9812,622,10351,356,7
1790576009.5,12813,7193,9812,622,10351,356,7
1790576011.5,12815,7192,9812,622,10351,356,7
1790576013.6,12813,7191,9812,622,10351,356,7
1790576015.6,12809,7191,9812,622,10351,356,7
1790576017.6,12810,7190,9812,622,10351,356,7
1790576019.7,12805,7188,9812,622,10351,356,7
1790576021.7,12802,7188,9812,622,10351,356,7
1790576023.7,12800,7187,9812,622,10351,356,7
1790576025.8,12785,7186,9812,622,10351,356,7
1790576027.8,12782,7185,9812,622,10351,356,7
1790576029.8,12781,7185,9812,622,10351,356,7
1790576031.9,12778,7183,9812,623,10351,356,7
1790576033.9,12775,7183,9812,623,10351,356,7
1790576035.9,12774,7183,9812,623,10351,356,7
1790576038.0,12772,7182,9812,623,10351,356,7
1790576040.0,12768,7182,9812,623,10351,356,7
1790576042.0,12768,7182,9812,623,10351,356,7
1790576044.1,12765,7181,9812,623,10351,356,7
1790576046.1,12765,7181,9812,623,10351,356,7
1790576048.2,12765,7181,9812,623,10351,356,7
1790576050.2,12765,7181,9812,623,10351,356,7
1790576052.2,12762,7178,9812,623,10351,356,7
1790576054.3,12762,7178,9812,623,10351,356,7
1790576056.3,12792,7178,9812,623,10351,356,7
1790576058.3,12778,7170,9812,623,10351,356,7
1790576060.4,12777,7170,9812,623,10351,356,7
1790576062.4,12776,7169,9812,623,10351,356,7
1790576064.5,12775,7169,9812,623,10351,356,7
1790576066.5,12784,7169,9812,623,10351,356,7
1790576068.5,12780,7169,9812,623,10351,356,7
1790576070.6,12786,7168,9812,623,10351,355,7
1790576072.6,12785,7168,9812,623,10351,355,7
1790576074.6,12786,7168,9812,623,10351,355,7
1790576076.7,12785,7168,9812,623,10351,355,7
1790576078.7,12784,7167,9812,623,10351,355,7
1790576080.7,12782,7167,9812,623,10351,355,7
1790576082.8,12782,7167,9812,623,10351,355,7
1790576084.8,12777,7167,9812,623,10351,355,7
1790576086.8,12777,7167,9812,623,10351,355,7
1790576088.9,12776,7166,9812,623,10351,355,7
1790576090.9,12776,7166,9812,623,10351,355,7
1790576093.0,12774,7166,9812,623,10351,355,7
1790576095.0,12773,7165,9812,623,10351,355,7
1790576097.0,12772,7165,9812,623,10351,355,7
1790576099.1,12771,7165,9812,623,10351,355,7
1790576101.1,12770,7162,9812,623,10351,355,7
1790576103.1,12765,7158,9812,623,10351,355,7
1790576105.2,12764,7156,9812,623,10351,355,7
1790576107.2,12765,7156,9812,623,10351,355,7
1790576109.3,12763,7156,9812,623,10351,355,7
1790576111.3,12757,7151,9812,623,10351,355,7
1790576113.3,12757,7151,9812,623,10351,355,7
1790576115.4,12764,7151,9812,623,10351,355,7
1790576117.4,12658,7069,9812,623,10351,355,7
1790576119.5,12585,7068,9812,623,10350,355,7
1790576121.5,12714,7068,9812,623,10350,355,7
1790576123.6,12623,7068,9812,623,10350,355,7
1790576125.6,12658,7068,9812,623,10350,355,7
1790576127.7,12582,7068,9812,623,10350,355,7
1790576129.7,12589,7068,9812,623,10350,355,7
1790576131.8,12595,7067,9812,623,10350,355,7
1790576133.8,12525,7067,9811,623,10348,355,7
1790576135.9,12531,7067,9811,623,10348,355,7
1790576137.9,12544,7067,9811,623,10348,355,7
1790576140.0,12539,7067,9811,623,10348,355,7
1790576142.0,12537,7066,9811,623,10348,355,7
1790576144.1,12582,7066,9811,623,10348,355,7
1790576146.1,12526,7066,9811,623,10348,355,7
1790576148.2,12521,7066,9811,623,10348,355,7
1790576150.2,12538,7066,9811,623,10348,355,7
1790576152.3,12535,7065,9811,624,10348,355,7
1790576154.3,12577,7065,9811,624,10348,355,7
1790576156.4,12551,7065,9811,624,10348,355,7
1790576158.4,12553,7065,9838,624,10348,355,7
1790576160.5,12545,7065,9838,624,10348,355,7
1790576162.6,12499,7065,9840,624,10346,355,7
1790576164.6,12559,7064,9840,624,10349,354,7
1790576166.7,12538,7064,9840,624,10349,354,7
1790576168.7,12553,7064,9840,624,10349,354,7
1790576170.8,12524,7063,9840,625,10350,354,7
1790576172.8,12496,7063,9840,625,10350,354,7
1790576174.9,12447,7063,9840,625,10350,354,7
1790576176.9,12521,7063,9840,625,10350,354,7
1790576179.0,12553,7063,9840,625,10350,354,7
1790576181.0,12594,7063,9840,625,10350,354,7
1790576183.1,12521,7063,9840,625,10350,354,7
1790576185.1,12522,7063,9840,625,10350,354,7
1790576187.2,12521,7063,9840,625,10350,354,7
1790576189.2,12563,7063,9840,625,10350,354,7
1790576191.3,12590,7063,9840,625,10350,354,7
1790576193.3,12581,7062,9840,625,10350,353,7
1790576195.4,12527,7062,9840,625,10350,353,7
1790576197.4,12540,7062,9840,625,10350,353,7
1790576199.5,12471,7062,9840,625,10349,353,7
1790576201.5,12511,7062,9840,625,10350,353,7
1790576203.6,12538,7062,9840,625,10349,353,7
1790576205.6,12293,6658,9840,625,10349,353,7
1790576207.7,12288,6437,9840,625,10348,353,7
1790576209.7,12258,6429,9840,625,10348,353,7
1790576211.7,12243,6429,9840,625,10348,353,7
1790576213.8,12266,6352,9840,625,10348,353,7
1790576215.8,12191,6156,9840,625,10348,353,7
1790576217.8,12177,6143,9840,625,10348,353,7
1790576219.9,12091,6138,9840,625,10347,353,7
1790576221.9,12260,6137,9840,625,10347,353,7
1790576223.9,12181,6137,9840,625,10347,353,7
1790576226.0,11540,6060,9913,934,10149,354,7
1790576228.0,12336,6060,9840,933,10130,354,7
1790576230.1,11957,6054,9840,933,10146,354,7
1790576232.1,11359,6054,9911,1038,10058,354,7
1790576234.2,11287,6054,9911,1043,10061,353,7
1790576236.2,11297,6053,9911,1043,10070,353,7
1790576238.3,11606,6053,9840,1044,10071,353,7
1790576240.3,11633,6053,9840,1043,10072,353,7
1790576242.4,11409,6053,9911,1043,9957,353,7
1790576244.4,11364,6053,9911,1043,9962,353,7
1790576246.5,11873,6053,9840,1043,9962,353,7
1790576248.6,11835,6053,9840,1043,9964,353,7
1790576250.7,11666,6053,9840,1043,9964,353,7
1790576252.7,11230,6052,9911,1043,9943,353,7
1790576254.8,11230,6052,9911,1043,9944,353,7
1790576256.8,11228,6052,9911,1043,9944,353,7
1790576258.9,11828,6051,9840,1043,9950,353,7
1790576260.9,11813,6051,9840,1044,9950,353,7
1790576262.9,11433,6040,9840,1354,9950,352,7
1790576265.0,10927,6040,9911,1354,9690,352,7
1790576267.0,11463,6040,9840,1357,9693,352,7
1790576269.0,11414,6040,9840,1357,9711,352,7
1790576271.1,10836,6040,9911,1470,9676,352,7
1790576273.1,10778,6039,9911,1470,9681,352,7
1790576275.2,11226,6039,9840,1470,9681,351,7
1790576277.3,11217,6039,9840,1470,9683,351,7
1790576279.3,10633,6038,9911,1470,9680,351,7
1790576281.4,10644,6038,9911,1470,9686,351,7
1790576283.4,11160,6037,9840,1470,9688,351,7
1790576285.4,11192,6037,9840,1470,9690,351,7
1790576287.5,10684,6037,9911,1470,9695,351,7
1790576289.5,10684,6037,9840,1470,9699,351,7
1790576291.6,11044,6037,9840,1470,9700,351,7
1790576293.6,10832,6037,9840,1471,9700,351,7
1790576295.7,10604,6037,9911,1471,9700,351,7
1790576297.8,11084,6037,9840,1471,9704,351,7
1790576299.8,11115,6036,9840,1471,9710,351,7
1790576301.8,22650,5956,1589,62,59,270,7
1790576303.9,22662,5956,1589,191,3773,270,7
1790576305.9,22636,5956,1589,191,9831,270,7
1790576307.9,22626,5956,1589,191,10848,270,7
1790576309.9,22627,5956,1589,191,11698,270,7
1790576312.0,22629,5955,1589,192,12266,270,7
1790576314.0,22632,5955,1589,192,13084,270,7
1790576316.0,22521,5955,1589,192,13640,270,7
1790576318.0,22653,5954,1589,192,14182,269,7
1790576320.0,22665,5954,1589,192,14723,269,7
1790576322.1,22669,5954,1589,193,15401,269,7
1790576324.1,19329,5954,5200,193,15894,269,7
1790576326.1,14636,6004,7906,190,15249,272,7
1790576328.2,14604,6004,7899,190,15193,272,7
1790576330.2,14584,6004,7906,190,15301,272,7
1790576332.2,14620,6009,7906,186,15404,276,7
1790576334.2,14625,6017,7906,186,15506,276,7
1790576336.2,14750,6399,7906,186,15676,276,7
1790576338.3,14498,6743,8079,440,9926,310,7
1790576340.3,14026,6758,8447,444,9017,307,7
1790576342.3,12791,6757,9587,537,7553,306,7
1790576344.3,12771,6748,9587,537,7553,306,7
1790576346.4,12527,6743,9737,460,7176,306,7
1790576348.4,12713,6742,9737,461,7388,306,7
1790576350.4,12670,6728,9737,486,7465,293,7
1790576352.4,12622,6725,9730,485,7491,293,7
1790576354.5,12622,6725,9731,486,7505,292,7
1790576356.5,12606,6720,9738,486,7695,292,7
1790576358.5,12605,6718,9738,486,7876,292,7
1790576360.5,12516,6718,9826,486,8015,292,7
1790576362.5,12507,6718,9826,486,8110,292,7
1790576364.6,12524,6710,9826,486,8200,292,7
1790576366.6,12527,6710,9826,486,8303,292,7
1790576368.6,12522,6710,9826,486,8391,292,7
1790576370.6,12524,6709,9826,486,8477,292,7
1790576372.7,12520,6708,9826,487,8560,291,7
1790576374.7,12538,6708,9826,487,8637,291,7
1790576376.7,12517,6703,9826,487,8730,291,7
1790576378.7,12522,6703,9826,487,8814,291,7
1790576380.8,12522,6703,9826,487,8906,291,7
1790576382.8,12523,6703,9826,487,8964,291,7
1790576384.8,12452,6697,9826,542,8974,291,7
1790576386.8,12456,6697,9826,542,9022,291,7
1790576388.9,12449,6697,9826,550,9089,291,7
1790576390.9,12376,6696,9838,550,9125,291,7
1790576392.9,12375,6696,9838,550,9203,290,7
1790576394.9,12374,6696,9838,551,9284,290,7
1790576396.9,12281,6696,9838,655,9344,290,7
1790576399.0,12237,6695,9839,689,9389,290,7
1790576401.0,12243,6694,9839,689,9412,290,7
1790576403.0,12240,6694,9839,690,9430,290,7
1790576405.1,12239,6694,9839,689,9436,290,7
1790576407.1,12241,6694,9839,689,9439,290,7
1790576409.1,12239,6694,9839,690,9445,290,7
1790576411.1,12325,6694,9839,690,9427,290,7
1790576413.2,12313,6694,9839,690,9430,289,7
1790576415.2,12319,6693,9839,690,9430,289,7
1790576417.3,12319,6693,9839,690,9434,289,7
1790576419.3,12325,6693,9839,690,9450,289,7
1790576421.3,12131,6708,9839,873,9394,288,7
1790576423.3,12127,6708,9839,873,9440,288,7
1790576425.4,12089,6708,9839,902,9450,288,7
1790576427.4,12182,6731,9839,747,9449,287,7
1790576429.4,11786,6835,9863,746,9359,287,7
1790576431.5,11700,6842,9916,746,9366,287,7
1790576433.5,12290,6848,9839,746,9407,287,7
1790576435.6,12303,6841,9839,746,9458,287,7
1790576437.6,12232,6840,9839,851,9464,287,7
1790576439.6,12231,6840,9839,853,9466,287,7
1790576441.7,12236,6840,9839,852,9466,287,7
1790576443.7,12247,6840,9839,852,9471,287,7
1790576445.7,12249,6840,9839,852,9473,287,7
1790576447.8,12250,6839,9839,852,9480,287,7
1790576449.8,12247,6839,9839,852,9480,287,7
1790576451.8,12248,6839,9839,852,9481,287,7
1790576453.9,12251,6839,9839,853,9487,286,7
1790576455.9,12253,6839,9839,852,9487,286,7
1790576457.9,11938,6833,9839,1160,9488,286,7
1790576460.0,11966,6833,9839,1162,9488,286,7
1790576462.0,12029,6833,9839,1162,9501,286,7
1790576464.0,11925,6833,9839,1266,9508,286,7
1790576466.1,11921,6832,9839,1267,9515,286,7
1790576468.1,11919,6832,9839,1267,9517,286,7
1790576470.2,11918,6832,9839,1267,9517,286,7
1790576472.2,11913,6832,9839,1267,9517,285,7
1790576474.2,11910,6832,9839,1268,9517,285,7
1790576476.3,11920,6832,9839,1267,9528,285,7
1790576478.3,11919,6832,9839,1267,9528,285,7
1790576480.3,11918,6832,9839,1267,9528,285,7
1790576482.3,11917,6831,9839,1267,9528,285,7
1790576484.4,11471,6829,9839,1556,9536,285,7
1790576486.4,11453,6829,9839,1574,9536,285,7
1790576488.4,11448,6829,9839,1573,9558,285,7
1790576490.5,11344,6829,9839,1686,9564,285,7
1790576492.5,11355,6829,9839,1686,9564,285,7
1790576494.5,11375,6828,9839,1686,9570,285,7
1790576496.6,11393,6828,9839,1686,9574,284,7
1790576498.6,11411,6828,9839,1687,9576,284,7
1790576500.6,11423,6828,9839,1686,9576,284,7
1790576502.7,11436,6828,9839,1686,9576,284,7
1790576504.7,11433,6828,9839,1686,9576,284,7
1790576506.7,11447,6827,9839,1686,9576,284,7
1790576508.8,11457,6827,9839,1686,9576,284,7
1790576510.8,11462,6827,9839,1686,9576,284,7
1790576512.9,11072,6827,9839,1993,9576,284,7
1790576514.9,11068,6827,9839,1993,9576,284,7
1790576516.9,11066,6827,9839,1992,9590,284,7
1790576519.0,11052,6843,9839,2086,9590,295,7
1790576521.0,11057,6843,9811,2086,9590,295,7
1790576523.0,11057,6843,9811,2086,9594,295,7
1790576525.1,11058,6843,9811,2086,9594,295,7
1790576527.1,11053,6843,9811,2086,9594,295,7
1790576529.2,11064,6842,9811,2086,9597,295,7
1790576531.2,11063,6842,9811,2086,9597,295,7
1790576533.2,11051,6819,9811,2109,9599,272,7
1790576535.3,11070,6818,9811,2110,9607,271,7
1790576537.3,11066,6817,9811,2110,9607,271,7
1790576539.3,11067,6816,9811,2111,9607,271,7
1790576541.4,23156,6792,1563,88,76,248,7
1790576543.4,23028,6792,1563,216,4277,248,7
1790576545.4,23015,6792,1563,215,9164,248,7
1790576547.4,23004,6792,1563,216,10714,248,7
1790576549.5,23001,6791,1563,216,11501,248,7
1790576551.5,23002,6791,1563,216,12294,248,7
1790576553.5,23005,6791,1563,216,13052,248,7
1790576555.5,23007,6791,1563,216,14302,247,7
1790576557.6,23008,6790,1563,217,15028,247,7
1790576559.6,23005,6790,1563,217,15739,247,7
1790576561.6,16862,6810,7880,217,15910,247,7
1790576563.6,15091,6859,7880,218,15907,247,7
1790576565.7,13249,6921,9444,506,10046,247,7
1790576567.7,13059,6920,9560,599,10046,247,7
1790576569.7,13065,6920,9560,599,10044,247,7
1790576571.7,12941,6919,9703,534,9703,246,7
1790576573.8,12824,6918,9798,534,9729,246,7
1790576575.8,12744,6918,9798,589,9772,246,7
1790576577.8,12733,6918,9798,597,9780,246,7
1790576579.8,12743,6917,9811,597,9783,246,7
1790576581.9,12612,6917,9811,735,9802,246,7
1790576583.9,12612,6917,9811,735,9804,246,7
1790576586.0,12613,6917,9811,735,9804,246,7
1790576588.0,12616,6915,9811,735,9804,246,7
1790576590.0,12616,6915,9811,735,9806,246,7
1790576592.1,12621,6914,9811,735,9811,246,7
1790576594.1,12623,6914,9811,735,9811,246,7
1790576596.1,12620,6913,9811,735,9812,246,7
1790576598.2,12620,6913,9811,735,9812,246,7
1790576600.2,12628,6913,9811,735,9812,246,7
1790576602.3,12626,6912,9811,735,9812,246,7
1790576604.3,12228,6909,9811,1044,9813,245,7
1790576606.4,12228,6909,9811,1044,9813,245,7
1790576608.4,12351,6909,9811,1043,9820,245,7
1790576610.4,12232,6908,9811,1153,9825,245,7
1790576612.4,12229,6908,9811,1153,9825,245,7
1790576614.5,12228,6907,9811,1153,9825,245,7
1790576616.5,12225,6906,9811,1153,9825,245,7
1790576618.5,12223,6904,9811,1153,9825,245,7
1790576620.6,12218,6904,9811,1153,9831,245,7
1790576622.6,12219,6904,9811,1153,9831,245,7
1790576624.7,12213,6903,9811,1153,9834,245,7
1790576626.7,12213,6903,9811,1153,9834,245,7
1790576628.7,12211,6903,9811,1153,9835,245,7
1790576630.8,12209,6901,9811,1153,9835,245,7
1790576632.8,11831,6880,9811,1459,9837,244,7
1790576634.8,11977,6878,9811,1462,9837,244,7
1790576636.9,11845,6878,9811,1580,9840,244,7
1790576638.9,11839,6876,9811,1580,9840,244,7
1790576640.9,11835,6876,9811,1580,9840,244,7
1790576643.0,11832,6875,9811,1580,9840,244,7
1790576645.0,11831,6875,9811,1580,9840,244,7
1790576647.0,11832,6874,9811,1580,9840,244,7
1790576649.1,11829,6874,9811,1580,9843,244,7
1790576651.1,11829,6873,9811,1580,9843,244,7
1790576653.1,11822,6873,9811,1580,9843,244,7
1790576655.2,11832,6872,9811,1580,9843,244,7
1790576657.2,11888,6852,9811,1581,9843,244,7
1790576659.2,11887,6842,9811,1581,9840,244,7
1790576661.3,11839,6782,9811,1580,9840,244,7
1790576663.3,11834,6781,9811,1581,9840,244,7
1790576665.3,11674,6587,9811,1580,9840,244,7
1790576667.4,11605,6584,9811,1581,9840,244,7
1790576669.4,11600,6584,9811,1580,9840,244,7
1790576671.4,11626,6583,9811,1581,9840,244,7
1790576673.5,11630,6582,9811,1580,9840,244,7
1790576675.5,11620,6580,9811,1581,9840,244,7
1790576677.5,11614,6579,9811,1580,9840,244,7
1790576679.6,11609,6576,9811,1581,9840,244,7
1790576681.6,11607,6576,9811,1580,9840,244,7
1790576683.6,11603,6575,9811,1581,9840,244,7
1790576685.7,11602,6575,9811,1581,9840,244,7
1790576687.7,11599,6573,9811,1581,9840,244,7
1790576689.7,11598,6573,9811,1581,9841,243,7
1790576691.8,11621,6572,9811,1581,9841,243,7
1790576693.8,11611,6572,9811,1581,9841,243,7
1790576695.8,11606,6572,9811,1581,9841,243,7
1790576697.9,11600,6572,9811,1581,9841,243,7
1790576699.9,11595,6572,9811,1581,9841,243,7
1790576701.9,11559,6572,9839,1581,9840,243,7
1790576704.0,11548,6571,9839,1581,9840,243,7
1790576706.0,11546,6571,9839,1581,9840,243,7
1790576708.0,11545,6571,9839,1581,9840,243,7
1790576710.1,11543,6571,9839,1581,9840,243,7
1790576712.1,11454,6448,9839,1581,9840,243,7
1790576714.2,11601,6599,9839,1581,9840,243,7
1790576716.2,11604,6599,9839,1581,9840,243,7
1790576718.2,11601,6598,9839,1581,9840,243,7
1790576720.3,11592,6593,9839,1581,9840,243,7
1790576722.3,11580,6580,9839,1581,9840,243,7
1790576724.3,11578,6575,9839,1582,9840,243,7
1790576726.4,11577,6574,9839,1582,9840,243,7
1790576728.4,11574,6574,9839,1582,9840,243,7
1790576730.5,11573,6573,9839,1582,9840,243,7
1790576732.5,11573,6573,9839,1582,9840,243,7
1790576734.5,11569,6573,9839,1582,9840,243,7
1790576736.6,11567,6573,9839,1582,9840,243,7
1790576738.6,11568,6573,9839,1582,9840,243,7
1790576740.6,11567,6572,9839,1582,9840,243,7
1790576742.7,11567,6572,9839,1582,9840,243,7
1790576744.7,11560,6571,9839,1582,9840,243,7
1790576746.7,11559,6571,9839,1582,9840,243,7
1790576748.8,11558,6571,9839,1582,9840,243,7
1790576750.8,11555,6571,9839,1582,9840,243,7
1790576752.9,11554,6571,9839,1582,9840,243,7
1790576754.9,11549,6571,9839,1582,9840,243,7
1790576756.9,11527,6571,9839,1582,9840,243,7
1790576759.0,11519,6570,9839,1582,9840,243,7
1790576761.0,11469,6570,9839,1582,9826,243,7
1790576763.1,11574,6631,9831,1582,9798,242,7
1790576765.1,11567,6631,9831,1582,9798,242,7
1790576767.1,11565,6631,9831,1582,9798,242,7
1790576769.1,11562,6631,9831,1582,9798,242,7
1790576771.2,11562,6631,9831,1582,9798,242,7
1790576773.2,11557,6631,9831,1582,9798,242,7
1790576775.3,11565,6631,9831,1582,9798,242,7
1790576777.3,11598,6631,9831,1582,9798,242,7
1790576779.3,11590,6631,9831,1582,9798,242,7
1790576781.4,11587,6631,9831,1582,9798,242,7
1790576783.4,11584,6631,9831,1582,9798,242,7
1790576785.4,11583,6631,9831,1582,9798,242,7
1790576787.5,11580,6631,9831,1582,9798,242,7
1790576789.5,11582,6631,9831,1582,9798,242,7
1790576791.5,11581,6630,9831,1582,9798,242,7
1790576793.6,11581,6630,9831,1582,9798,242,7
1790576795.6,11580,6630,9831,1582,9798,242,7
1790576797.7,11579,6630,9831,1582,9798,242,7
1790576799.7,11576,6630,9831,1582,9798,242,7
1790576801.7,11576,6630,9831,1582,9798,242,7
1790576803.8,11575,6630,9831,1582,9798,242,7
1790576805.8,11331,6775,9831,1582,9774,242,7
1790576807.9,11297,6822,9831,1582,9740,242,7
1790576809.9,11276,6790,9831,1582,9740,242,7
1790576812.0,11289,6800,9831,1582,9740,242,7
1790576814.0,11499,6819,9831,1582,9721,242,7
1790576816.1,11467,6818,9831,1582,9721,242,7
1790576818.1,11446,6818,9831,1582,9721,242,7
1790576820.2,11491,6819,9831,1582,9721,242,7
1790576822.2,11449,6824,9831,1582,9720,242,7
1790576824.3,11479,6825,9831,1582,9720,242,7
1790576826.4,11534,6826,9831,1582,9720,242,7
1790576828.4,11484,6826,9831,1582,9720,242,7
1790576830.4,11522,6827,9831,1582,9720,242,7
1790576832.5,11479,6827,9831,1582,9720,242,7
1790576834.6,11504,6828,9831,1582,9720,242,7
1790576836.6,11522,6830,9831,1583,9720,242,7
1790576838.7,11464,6837,9831,1583,9719,242,7
1790576840.7,11459,6844,9831,1583,9717,242,7
1790576842.8,11471,6846,9831,1583,9716,242,7
1790576844.8,11468,6847,9831,1583,9716,242,7
1790576846.9,11514,6849,9831,1583,9715,242,7
1790576848.9,11495,6852,9831,1583,9714,242,7
1790576851.0,11459,6853,9831,1583,9713,242,7
1790576853.1,11490,6853,9831,1583,9713,242,7
1790576855.1,11466,6855,9831,1583,9713,242,7
1790576857.2,11537,6856,9831,1583,9713,242,7
1790576859.2,11531,6856,9831,1583,9712,242,7
1790576861.3,11467,6861,9831,1583,9711,242,7
1790576863.3,11467,6864,9831,1583,9709,242,7
1790576865.4,11455,6866,9831,1583,9709,242,7
1790576867.4,11477,6868,9831,1583,9709,242,7
1790576869.5,11423,6872,9831,1583,9708,242,7
1790576871.5,11462,6875,9831,1583,9707,242,7
1790576873.6,11524,6880,9831,1583,9707,242,7
1790576875.6,11465,6881,9831,1583,9707,242,7
1790576877.7,11489,6882,9831,1583,9707,242,7
1790576879.7,11488,6883,9831,1583,9707,242,7
1790576881.8,11510,6888,9831,1583,9706,241,7
1790576883.8,11488,6895,9831,1583,9705,241,7
1790576885.9,11526,6899,9831,1583,9704,241,7
1790576887.9,11445,6903,9831,1583,9703,241,7
1790576890.0,11439,6907,9831,1583,9701,241,7
1790576892.0,11598,6910,9831,1583,9701,241,7
1790576894.0,11411,6399,9831,1583,9690,241,7
1790576896.0,11394,6396,9831,1583,9568,241,7
1790576898.1,11149,6391,9831,1583,9568,241,7
1790576900.1,11113,6377,9831,1583,9568,241,7
1790576902.1,11136,6291,9831,1583,9568,241,7
1790576904.2,11067,6114,9831,1583,9568,241,7
1790576906.2,11076,6099,9831,1583,9568,241,7
1790576908.2,11118,6083,9831,1583,9568,241,7
1790576910.3,11137,6083,9831,1583,9568,241,7
1790576912.3,11137,6082,9831,1583,9568,241,7
1790576914.3,10946,6024,9831,1545,9566,241,7
1790576916.4,10541,6024,9902,1544,9560,241,7
1790576918.4,11182,6024,9831,1544,9553,241,7
1790576920.4,11117,6012,9831,1544,9582,241,7
1790576922.5,10538,6013,9906,1543,9602,242,7
1790576924.5,10374,6013,9906,1647,9603,242,7
1790576926.6,10669,6013,9831,1647,9603,242,7
1790576928.6,10776,6013,9831,1647,9607,242,7
1790576930.7,10691,6013,9831,1647,9607,242,7
1790576932.7,10349,6013,9902,1647,9607,242,7
1790576934.7,10510,6013,9831,1647,9607,242,7
1790576936.8,10569,6010,9831,1647,9607,242,7
1790576938.9,10598,6010,9831,1647,9607,242,7
1790576940.9,10261,6009,9843,1647,9608,242,7
1790576943.0,10222,6009,9902,1648,9608,242,7
1790576945.0,10241,6009,9902,1648,9610,242,7
1790576947.1,10251,6009,9902,1648,9610,242,7
1790576949.1,17296,6009,3713,1358,9610,242,7
1790576951.2,22322,5904,1582,273,104,139,7
1790576953.2,21692,5904,1652,325,3552,139,7
1790576955.2,22043,5904,1582,325,8234,138,7
1790576957.2,21642,5903,1599,325,10632,138,7
1790576959.3,21596,5903,1652,325,11369,138,7
1790576961.3,21838,5903,1582,325,12013,138,7
1790576963.4,21278,5903,1652,325,12529,138,7
1790576965.4,22240,5901,1582,325,13302,138,7
1790576967.4,21695,5901,1652,325,13815,138,7
1790576969.5,21910,5901,1582,325,14392,138,7
1790576971.5,21639,5901,1603,325,15124,138,7
1790576973.5,21933,5901,1582,325,15934,138,7
1790576975.6,16350,6301,7899,244,15662,219,8
1790576977.6,14780,7104,7899,60,15399,403,7
1790576979.6,14757,7055,7899,25,15759,438,7
1790576981.7,13571,7039,8439,345,9070,407,7
1790576983.7,13874,7817,8440,346,9104,406,7
1790576985.7,12271,7861,9651,440,8571,405,7
1790576987.7,12842,7856,9580,440,8571,405,7
1790576989.8,12728,7855,9730,364,8597,404,8
1790576991.8,12798,7826,9730,411,8809,370,7
1790576993.8,12830,7907,9730,410,9029,370,7
1790576995.8,12605,7962,9818,410,9241,369,7
1790576997.9,12690,7959,9818,411,9291,369,7
1790576999.9,12669,7939,9818,411,9408,369,7
1790577001.9,12608,7933,9818,466,9435,368,7
1790577003.9,12463,7932,9830,474,9461,368,7
1790577006.0,12659,7952,9830,474,9512,368,7
1790577008.0,12509,7981,9831,621,9521,359,7
1790577010.1,12551,7981,9831,621,9513,359,7
1790577012.1,12527,7978,9831,621,9518,359,7
1790577014.2,12540,7975,9831,622,9533,358,7
1790577016.2,12550,7972,9831,622,9542,358,7
1790577018.2,12538,8008,9831,622,9450,358,7
1790577020.3,12533,8005,9831,623,9460,357,7
1790577022.3,12502,8004,9831,640,9467,357,7
1790577024.4,12501,8001,9831,640,9471,356,7
1790577026.4,12499,8001,9831,641,9477,356,7
1790577028.5,12471,7968,9831,641,9479,356,7
1790577030.5,12312,8021,9831,946,9249,354,7
1790577032.5,12341,8020,9831,947,9251,354,7
1790577034.5,12335,8019,9831,947,9287,354,7
1790577036.6,12235,8018,9831,1054,9314,354,7
1790577038.6,12223,8015,9831,1054,9315,354,7
1790577040.7,12217,8014,9831,1055,9320,353,7
1790577042.7,12218,8013,9831,1055,9325,353,7
1790577044.7,12199,8012,9831,1055,9329,353,7
1790577046.8,12198,8010,9831,1055,9329,353,7
1790577048.8,12199,8010,9831,1055,9335,353,7
1790577050.8,12196,8008,9831,1055,9336,353,7
1790577052.9,12196,8008,9831,1055,9336,353,7
1790577054.9,12198,8006,9831,1055,9340,353,7
1790577057.0,12102,7881,9831,1155,9349,234,7
1790577059.0,11721,7898,9831,1458,9343,234,7
1790577061.0,11824,7913,9831,1457,9356,233,7
1790577063.0,11813,7911,9831,1457,9395,233,7
1790577065.1,11699,7911,9831,1562,9402,233,7
1790577067.1,11701,7910,9831,1562,9402,233,7
1790577069.1,11707,7910,9831,1562,9416,233,7
1790577071.2,11712,7909,9831,1562,9431,233,7
1790577073.2,11713,7908,9831,1562,9435,233,7
1790577075.3,11710,7907,9831,1562,9435,233,7
1790577077.3,11715,7907,9831,1562,9439,233,7
1790577079.3,11721,7906,9831,1562,9448,233,7
1790577081.4,11720,7905,9831,1562,9448,233,7
1790577083.4,11720,7904,9831,1562,9448,233,7
1790577085.4,11723,7903,9831,1562,9448,233,7
1790577087.5,11348,7894,9831,1869,9448,233,7
1790577089.5,11344,7893,9831,1868,9448,233,7
1790577091.5,11193,7893,9831,1972,9457,233,7
1790577093.6,11198,7892,9831,1973,9457,233,7
1790577095.6,11200,7891,9831,1974,9458,233,7
1790577097.7,11187,7890,9831,1974,9458,233,7
1790577099.7,11193,7889,9831,1974,9465,233,7
1790577101.8,11195,7886,9831,1974,9465,233,7
1790577103.8,11197,7880,9831,1974,9465,233,7
1790577105.8,11195,7879,9831,1974,9468,233,7
1790577107.9,11197,7875,9831,1974,9468,233,7
1790577109.9,11215,7874,9831,1974,9472,233,7
1790577111.9,11211,7870,9831,1974,9472,233,7
1790577114.0,20143,7799,2723,1749,63,168,7
1790577116.0,22968,7806,1582,283,99,160,7
1790577118.0,22955,7806,1582,286,10457,160,7
1790577120.0,22980,7804,1582,286,11210,160,7
1790577122.1,22977,7804,1582,286,11921,160,7
1790577124.1,22971,7802,1582,286,12482,160,7
1790577126.1,22968,7802,1582,286,13155,160,7
1790577128.1,22959,7800,1582,286,13890,160,7
1790577130.2,22960,7800,1582,286,14604,160,7
1790577132.2,22878,7799,1582,286,15309,160,7
1790577134.2,16928,7868,7899,287,15778,160,7
1790577136.2,15015,7968,7899,287,15846,160,7
1790577138.3,14227,8087,8440,576,10046,160,7
1790577140.3,12994,8085,9580,669,9383,160,7
1790577142.3,13040,8084,9580,669,9172,160,7
1790577144.3,12769,8083,9730,592,9110,160,7
1790577146.4,12751,8082,9730,605,9260,160,7
1790577148.4,12859,8079,9818,604,9174,160,7
1790577150.4,12823,8079,9818,604,9270,160,7
1790577152.4,12822,8078,9818,604,9357,160,7
1790577154.4,12822,8077,9818,604,9434,160,7
1790577156.5,12826,8076,9818,604,9507,160,7
1790577158.5,12820,8076,9818,604,9593,159,7
1790577160.5,12831,8075,9818,604,9673,159,7
1790577162.5,12764,8075,9818,656,9711,159,7
1790577164.6,12777,8075,9818,663,9754,159,7
1790577166.6,12735,8074,9830,663,9777,159,7
1790577168.6,12742,8074,9830,663,9837,159,7
1790577170.6,12401,8074,9831,801,9864,159,7
1790577172.7,12405,8074,9831,801,9874,159,7
1790577174.7,12409,8072,9831,802,9880,159,7
1790577176.7,12423,8072,9831,801,9896,159,7
1790577178.8,12422,8071,9831,801,9898,159,7
1790577180.8,12633,8066,9831,801,9903,159,7
1790577182.8,12628,8066,9831,802,9906,159,7
1790577184.9,12626,8065,9831,801,9910,159,7
1790577186.9,12625,8065,9831,801,9914,159,7
1790577189.0,12624,8065,9831,801,9917,159,7
1790577191.0,12626,8065,9831,802,9923,159,7
1790577193.0,12207,8046,9831,1108,9926,159,7
1790577195.1,12198,8046,9831,1108,9928,159,7
1790577197.1,12170,8046,9831,1107,9929,159,7
1790577199.2,12153,8046,9831,1216,9940,159,7
1790577201.2,12162,8046,9831,1217,9940,159,7
1790577203.3,12159,8046,9831,1218,9942,159,7
1790577205.3,12158,8046,9831,1217,9945,159,7
1790577207.3,12159,8045,9831,1217,9945,159,7
1790577209.4,12158,8045,9831,1217,9946,159,7
1790577211.4,12156,8045,9831,1217,9948,159,7
1790577213.5,12156,8045,9831,1217,9950,159,7
1790577215.5,12155,8045,9831,1217,9950,159,7
1790577217.5,12155,8045,9831,1217,9950,159,7
1790577219.6,12192,8040,9831,1217,9953,159,7
1790577221.6,11903,7996,9831,1524,9951,159,7
1790577223.7,11859,7996,9831,1524,9951,159,7
1790577225.7,11799,7999,9831,1525,9960,159,7
1790577227.8,11756,7999,9831,1639,9949,159,7
1790577229.8,11760,7999,9831,1639,9950,159,7
1790577231.8,11764,7999,9831,1639,9951,159,7
1790577233.9,11767,7999,9831,1639,9951,159,7
1790577235.9,11769,7998,9831,1639,9952,159,7
1790577237.9,11769,7998,9831,1639,9952,159,7
1790577240.0,11770,7998,9831,1640,9952,159,7
1790577242.0,11770,7998,9831,1639,9955,159,7
1790577244.0,11772,7997,9831,1640,9955,159,7
1790577246.1,11775,7997,9831,1640,9958,159,7
1790577248.1,11778,7997,9831,1640,9958,159,7
1790577250.2,11432,7956,9831,1945,9865,159,7
1790577252.2,11504,7956,9831,1944,9868,159,7
1790577254.2,11492,7955,9831,1944,9890,159,7
1790577256.3,11430,7955,9831,2049,9891,159,7
1790577258.3,11420,7948,9831,2050,9891,159,7
1790577260.3,11418,7948,9831,2049,9894,159,7
1790577262.4,11419,7948,9831,2049,9896,159,7
1790577264.4,11414,7945,9831,2049,9897,159,7
1790577266.4,11417,7944,9831,2049,9897,159,7
1790577268.5,11420,7944,9831,2050,9899,159,7
1790577270.5,11423,7944,9831,2050,9899,159,7
1790577272.6,11424,7944,9831,2049,9901,159,7
1790577274.6,11424,7944,9831,2050,9901,159,7
1790577276.6,11426,7944,9831,2050,9902,159,7
1790577278.7,10966,7883,9831,2356,9902,159,7
1790577280.7,11137,7876,9831,2356,9901,159,7
1790577282.7,10967,7875,9831,2469,9901,159,7
1790577284.8,10959,7875,9831,2468,9901,159,7
1790577286.8,10949,7875,9831,2469,9901,159,7
1790577288.8,10956,7874,9831,2468,9901,159,7
1790577290.9,10943,7873,9831,2468,9901,159,7
1790577292.9,10946,7873,9831,2468,9901,159,7
1790577294.9,10947,7873,9831,2468,9901,159,7
1790577297.0,10949,7873,9831,2469,9904,159,7
1790577299.0,10956,7865,9831,2469,9904,159,7
1790577301.1,10886,7795,9831,2469,9894,159,7
1790577303.1,10872,7793,9831,2469,9894,159,7
1790577305.1,10948,7545,9831,2469,9894,159,7
1790577307.1,23502,7118,1582,158,36,158,6
1790577309.2,23540,7077,1455,157,36,158,6
1790577311.2,23663,6500,1423,157,36,158,6
1790577313.2,23749,5714,1423,157,36,158,6
