i,sec,time,mem_available_mib,swap_used_mib,gtt_used_mib,lms_rss_anon_mib,lms_rss_file_mib,lms_procs
0,0,1790570888.2,14703,4909,9534,509,10287,7
1,48.4,1790570936.6,13967,4895,9663,834,10362,7
2,40.8,1790570977.4,14218,4866,9692,1413,10370,7
3,31.5,1790571009.0,13583,4865,9693,2033,10371,7
4,33.5,1790571042.5,13056,4864,9693,2592,10371,7
5,34.1,1790571076.6,12724,4910,9693,2763,10371,7
6,29.6,1790571106.2,12863,4908,9705,2786,10366,7
7,29.5,1790571135.8,12302,4928,9709,3395,10360,7
8,31.6,1790571167.4,12157,7688,9709,1385,10272,7
9,29.6,1790571197.0,11765,7123,9709,1954,9978,7
10,30.8,1790571227.9,12261,5911,9709,2392,9999,7
11,31.0,1790571258.9,12300,5282,9709,2963,9999,7
12,31.6,1790571290.4,12239,4834,9709,3427,10011,7
13,30.2,1790571320.7,12225,4797,9709,3484,10011,7
14,29.9,1790571350.5,12126,4787,9709,3562,10015,7
15,30.4,1790571380.9,12166,4504,9707,3812,10027,7
16,31.0,1790571411.9,12165,4445,9707,3869,10031,7
17,29.7,1790571441.7,12136,4421,9680,3891,10038,7
18,29.7,1790571471.4,12189,4395,9680,3858,10044,7
19,29.8,1790571501.2,12168,4372,9680,3879,10044,7
20,31.8,1790571533.0,12106,4346,9680,3897,10048,7
21,28.3,1790571561.3,12100,4320,9672,3922,10060,7
22,30.4,1790571591.7,12086,4298,9672,3945,10067,7
23,30.5,1790571622.3,12098,4274,9672,3969,10067,7
24,32.0,1790571654.3,12085,4273,9672,3972,10070,7
